,snippet.channelTitle,snippet.categoryId,snippet.liveBroadcastContent,snippet.defaultLanguage,snippet.localized.title,snippet.localized.description,snippet.defaultAudioLanguage,contentDetails.duration,contentDetails.dimension,contentDetails.definition,contentDetails.caption,contentDetails.licensedContent,contentDetails.projection,statistics.viewCount,statistics.likeCount,statistics.favoriteCount,statistics.commentCount,snippet.tags
0,AJF LEAGUE,20,none,pt-BR,"DIA 1 SUPERCOPA JOGUEF√ÅCIL - FINAL - AJF, CRIAS, FLAMENGO, F99,¬†NOISE,¬†LOS","A SuperCopa JogueF√°cil Emulador come√ßou! N√£o esquece de curtir e se inscrever no canal para ficar por dentro de tudo!

Nos sigam nas redes sociais!
Instagram: @ajfleague
Twitter: @ajfleague_
YouTube: @AJF_LEAGUE

Sigam as redes sociais dos nossos Casters!
Samuca: @jogasamuca
Luan Marinho: @oluanmarinho
Laurinha: @laurinha6x

Cadastre-se e ganhe banca de gra√ßa para jogar na JogueF√°cil!",en-US,PT3H48M21S,2d,hd,false,True,rectangular,342060,29091,0,67,
1,S√£o Paulo FC,17,none,pt,BASTIDORES DO T√çTULO DA SUPERCOPA REI | SPFC PLAY,"Cadastre-se na SPFC Play: https://spfc.vc/3uLYoyJ

üì≤ Baixe na Play Store: http://bit.ly/3CLjS2k
üì≤ Baixe na App Store: http://apple.co/3F2wCED",pt,PT32M31S,2d,hd,false,True,rectangular,228841,55772,0,4374,"['SPFC', 'tricolor', 'S√£o Paulo', 'Morumbi', 'sao paulo', 'spfctv', 'Made in Cotia', 'tricolorpaulista', 'S√£o Paulo Futebol Clube', 'VamosS√£oPaulo', 'SPFCPLAY', 'SPFC PLAY', 'SPFC APP']"
2,MC Poze do Rodo,10,none,,"MC Poze do Rodo ft. Chefin - Ordem do mano (prod. LB √önico, Portugal no beat)","Ou√ßa #ORDEMDOMANO em todas as plataformas digitais: https://ONErpm.link/ordemdomano

https://www.instagram.com/pozevidalouca
https://twitter.com/mcpozedorodo

Composi√ß√£o: MC Poze do Rodo, Chefin, Oliveira, Mandark
Produ√ß√£o Musical: LB √önico, Portugal no beat
Mixagem: Portugal no beat
Masteriza√ß√£o: Portugal no beat

Mainstreet Records ¬©‚Ñó",,PT3M48S,2d,hd,false,True,rectangular,307190,55805,0,3061,"['poze do rodo', 'poze', 'mc poze', 'mc poze do rodo', 'album o sabio', 'album poze', 'o sabio', 'talvez', 'tropa do mantem', 'tropa do sabio', 'mundo covarde', 'poze e joao gomes', 'oruam', 'pesadao', 'oi ne', 'to de pe', 'a cara do crime', 'poesia acustica', 'assault', 'ret', 'filipe ret', 'mc cabelinho', 'lume', 'little hair', 'vida cara', 'mainstreet', 'mainstreet records', 'vida louca', 'me sinto abencoado', 'album ret', 'album djonga', 'sonho dos cria', 'eu fiz o jogo virar', 'metflix', 'matue', 'teto', 'wiu', 'album wiu', '30praum', 'nadamal']"
3,Tonigon,20,none,,21 PORTAS SECRETAS EM 99 segundos,"üí•üí•üí•Compre o ULTRA CELULAR REDMAGIC 9PRO:  https://bit.ly/3U4vXtN

AGORA COM 2 NOVOS PARTICIPANTES, a Creative Squad √© o nome do nosso grupo de Youtubers e essa √© a nossa NOVA S√âRIE jogando no Minecraft 1.20.1! Depois de um sorteio inicial, os participantes v√£o ter que jogar com um CA√áADOR 24h por dia! Se voc√™ morrer para o ca√ßador voc√™ se torna o ca√ßador, e assim continua... Cuidado com o BOBO que pode te trolar te dropando uma batata LITERALMENTE PODRE!

‚Äπ‚Äπ SITE DA CREATIVE SQUAD ‚Ä∫‚Ä∫ 
https://creativesquad.com.br/

‚Äπ‚Äπ DISCORD DA CREATIVESQUAD ‚Ä∫‚Ä∫ 
‚ô¶Ô∏è https://discord.gg/STdWJ35Yt7 

üååEnxadaHost: https://enxadahost.com/r/creativesquad 
O cupom ""csquad"" d√° 10% de desconto adicional em todos os planos. 

üíº Contato Profissional: comercial@agenciacurta.com 
 #creativesquad #3MILHOEStonigon #minecraft",pt-BR,PT16M5S,2d,hd,false,True,rectangular,153032,13607,0,1154,"['creative squad 2', 'creativesquad tonigon', 'tonigon minecraft', 'tonigon', 'tony gordom', 'toni minecraft', 'CREATIVE SQUAD 3']"
4,Todah Music Oficial,10,none,,Pedro Henrique | S√≥ Tu √âs Santo [Lyric Oficial],"Lyric Oficial da can√ß√£o ""S√≥ Tu √âs Santo"" interpretado por Pedro Henrique lan√ßado pela Todah Music em fevereiro/2024.
Assista o Playback: https://youtu.be/iS4C2Cw2N18?feature=shared
------------------------------------------------------------
üéß ESCUTE PEDRO HENRIQUE NAS PLATAFORMAS DIGITAIS
‚ñ∫ https://todahmusic.lnk.to/SoTuEsSanto
‚ñ∫ https://todahmusic.lnk.to/MeSocorreDeus
‚ñ∫ https://todahmusic.lnk.to/Descendencia
------------------------------------------------------------
üé∂ ESCUTE NOSSAS PLAYLISTS
‚ñ∫ https://todahmusic.lnk.to/plataformas
‚ñ∫ https://todahmusic.lnk.to/noYotube‚Äã‚Äã‚Äã‚Äã
------------------------------------------------------------
üîä SOMOS A TODAH MUSIC
A palavra TODAH vem da mesma raiz que YADAH, significa ‚Äúm√£os estendidas‚Äù.
Ent√£o a express√£o TODAH, que tamb√©m √© usada como agradecimento (OBRIGADO) traz em sua raiz uma rela√ß√£o com ‚Äúestender as m√£os‚Äù. 
Estar agradecido √© estender as m√£os aos c√©us e reconhecer tudo o que Deus tem feito em nossas vidas.
‚ñ∫ Site: http://www.todah.com.br/‚Äã‚Äã‚Äã‚Äã‚Äã‚Äã‚Äã‚Äã‚Äã‚Äã‚Äã‚Äã‚Äã...
‚ñ∫ Email: contato@todah.com.br
‚ñ∫ https://todahmusic.lnk.to/Instagram‚Äã‚Äã‚Äã
‚ñ∫ https://todahmusic.lnk.to/Facebook‚Äã‚Äã‚Äã‚Äã
‚ñ∫ Telegram: https://t.me/todahmusic‚Äã‚Äã‚Äã
------------------------------------------------------------
üîé FICHA T√âCNICA 
‚ñ∫ Cantor: Pedro Henrique 
‚ñ∫ Can√ß√£o: S√≥ Tu √âs Santo
‚ñ∫ Composi√ß√£o: Beto Rocha, Arnaldo Quaresma e Paulo S√©rgio 
‚ñ∫ Produ√ß√£o Musical: Tiago Oliveira
‚ñ∫ Edi√ß√£o de V√≠deo: Amaral Alves 
‚ñ∫ Fotos: F√°bio Rickman
‚ñ∫ Produtor Art√≠stico: Beto Rocha
‚ñ∫ Produ√ß√£o Geral: Todah Produ√ß√µes
‚ñ∫ Dire√ß√£o Geral: Alessandro Porf√≠rio
‚ñ∫ Dire√ß√£o Executiva: Todah Music
------------------------------------------------------------
‚úèÔ∏è LETRA
‚ñ∫ S√≥ Tu √âs Santo

Estou com saudades da minha casa ainda n√£o estive l√° 
Mais sei que √© meu lugar
Uma nova cidade est√° preparada, o meu endere√ßo √© o c√©u 
A minha morada

E l√° quero ver o te ver Jesus quero te conhecer 
Eu quero te abra√ßar √¥ooooo
E quando eu te encontrar meu rosto enxugar√° 
N√£o haver√° mais lagrima

Todo Joelho se dobrar√° 
E a can√ß√£o que iremos cantar 
S√≥ tu √©s Santo, Santo, Santo
Todo Joelho se dobrar√° 
E a can√ß√£o que iremos cantar 
S√≥ tu √©s Santo, Santo, Santo

Na nova Jerusal√©m com os anjos cantarei
Eu estou a esperar, Maranta ora vem
Na nova Jerusal√©m com os anjos cantarei
Eu estou a esperar, Maranta ora vem


//

#SomosTodosTodah #PedroHenrique #S√≥Tu√âsSanto",pt-BR,PT5M19S,2d,hd,false,True,rectangular,202055,32900,0,2026,"['Todah Music', 'Gravadora Todah Music', 'Todah', 'musica gospel', 'musica pentecostal', 'gravadora pentecostal', 'lan√ßamento Todah Music', 'Pedro Henrique', 'Tu √âs Santo']"
